Sales_Channel,Units_Sold,Revenue,Profit,MarginPct
Distributor,272140,74999016.07,26494181.49,35.326038764657625
Direct Sales,273383,74981205.4,26499314.84,35.34127612197602
Online Store,272662,74408895.49,26190961.96,35.1986973970335
